,model,val_roc_auc,train_roc_auc,val_accuracy,train_accuracy,val_f1_score,train_f1_score,features,preprocessing,n_jobs,random_state,max_depth,n_estimators,gamma,learning_rate,objective,use_label_encoder,base_score,booster,colsample_bylevel,colsample_bynode,colsample_bytree,gpu_id,importance_type,max_delta_step,min_child_weight,monotone_constraints,num_parallel_tree,reg_alpha,reg_lambda,scale_pos_weight,subsample,tree_method,validate_parameters,eval_metric,seed
0,XGBClassifier,0.9344487694759112,0.9999998938425494,,,,,,,,,20.0,,,0.10937423148527929,binary:logistic,,,,,,0.6011694082627778,,,,1.0,,,,,2.0,0.8574053108878759,,,logloss,
1,XGBClassifier,0.9343304835365718,0.9999990976616698,,,,,,,,,20.0,,,0.09249330733829163,binary:logistic,,,,,,0.4988004767678652,,,,1.0,,,,,2.0,1.0,,,logloss,
2,XGBClassifier,0.9339690704959782,1.0,,,,,,,,,60.0,,,0.11063166585826097,binary:logistic,,,,,,0.4769961804633068,,,,1.0,,,,,2.0,1.0,,,logloss,
3,XGBClassifier,0.9337704499058914,1.0,,,,,,,,,60.0,,,0.12615320319145804,binary:logistic,,,,,,0.478364193437659,,,,1.0,,,,,2.0,1.0,,,error,
4,XGBClassifier,0.9336450248779986,0.9999903662113574,,,,,,,,,60.0,,,0.06893651017012832,binary:logistic,,,,,,0.4861161866654073,,,,1.0,,,,,2.0,1.0,,,logloss,
5,XGBClassifier,0.9335740984313114,1.0,,,,,,,,,60.0,,,0.09550887663160684,binary:logistic,,,,,,0.4831702035815649,,,,1.0,,,,,2.0,1.0,,,error,
6,XGBClassifier,0.9333433121336904,0.999987208027202,,,,,,,,,43.0,,,0.09295679358627659,binary:logitraw,,,,,,0.7790110695137515,,,,1.0,,,,,1.8798173644274845,0.7121638985474282,,,logloss,
7,XGBClassifier,0.9332359338724008,0.9999985934137794,,,,,,,,,20.0,,,0.08173934538377324,binary:logistic,,,,,,0.4696985628392529,,,,1.0,,,,,2.0,1.0,,,error,
8,XGBClassifier,0.933139012119996,1.0,,,,,,,,,60.0,,,0.10575451987158849,binary:logistic,,,,,,0.4771868205383248,,,,1.0,,,,,2.0,1.0,,,logloss,
9,XGBClassifier,0.93260944567764,1.0,,,,,,,,,20.0,,,0.13061999707451416,binary:logistic,,,,,,0.5706946418722875,,,,1.0,,,,,2.0,0.969673571711521,,,logloss,
10,XGBClassifier,0.932564129715912,0.9999825901781004,,,,,,,,,20.0,,,0.08907619004365738,binary:logistic,,,,,,0.4914959429205667,,,,1.0,,,,,2.0,0.8948725040597648,,,logloss,
11,XGBClassifier,0.9324109577843664,1.0,,,,,,,,,50.0,,,0.12227029573286421,binary:logistic,,,,,,0.3,,,,1.0,,,,,1.8010169822973978,1.0,,,error,
12,XGBClassifier,0.9322908140896414,1.0,,,,,,,,,60.0,,,0.11553347635356023,binary:logitraw,,,,,,0.3,,,,1.0,,,,,2.0,1.0,,,error,
13,XGBClassifier,0.9321632659127366,0.9999995753701976,,,,,,,,,33.0,,,0.08065872360361308,binary:logitraw,,,,,,0.3633230980884053,,,,1.0,,,,,2.0,1.0,,,error,
14,XGBClassifier,0.9319886634458496,0.9999107481234016,,,,,,,,,20.0,,,0.05,binary:logistic,,,,,,0.3,,,,1.0,,,,,2.0,1.0,,,error,
15,XGBClassifier,0.9319886634458496,0.9999107481234016,,,,,,,,,20.0,,,0.05,binary:logistic,,,,,,0.3,,,,1.0,,,,,2.0,1.0,,,logloss,
16,XGBClassifier,0.9319709882303234,0.9999999734606372,,,,,,,,,23.0,,,0.08508422681587535,binary:logistic,,,,,,0.7707484285423643,,,,1.0,,,,,2.0,1.0,,,logloss,
17,XGBClassifier,0.9319384775110748,0.9999552015558436,,,,,,,,,54.0,,,0.05115849646687477,binary:logistic,,,,,,0.6784418155968647,,,,1.0,,,,,1.974905263527232,0.8430500797941934,,,error,
18,XGBClassifier,0.9318977263197228,0.9999997080670108,,,,,,,,,20.0,,,0.09627229703141357,binary:logitraw,,,,,,1.0,,,,1.0,,,,,2.0,0.9001456151822378,,,logloss,
19,XGBClassifier,0.9317583017780312,1.0,,,,,,,,,60.0,,,0.18972637972500248,binary:logistic,,,,,,0.3,,,,1.0,,,,,2.0,1.0,,,logloss,
20,XGBClassifier,0.931700286731274,0.9999820328514848,,,,,,,,,38.0,,,0.06491184710117509,binary:logitraw,,,,,,0.6973840611251754,,,,1.0,,,,,2.0,0.8913646107077097,,,error,
21,XGBClassifier,0.9315902943427632,0.9999441081022552,,,,,,,,,60.0,,,0.07721491372399872,binary:logistic,,,,,,0.3,,,,1.0,,,,,2.0,0.8626261779586692,,,logloss,
22,XGBClassifier,0.9315475526992124,0.9999908439198852,,,,,,,,,33.0,,,0.059309145354267095,binary:logistic,,,,,,0.662325331715108,,,,1.0,,,,,2.0,1.0,,,logloss,
23,XGBClassifier,0.9311600780044949,0.9999794585333076,,,,,,,,,26.0,,,0.11421508904637176,binary:logistic,,,,,,0.3203240689903516,,,,1.0,,,,,1.922935549915888,0.7214659213437105,,,logloss,
24,XGBClassifier,0.9310765188211853,0.999947929770477,,,,,,,,,45.0,,,0.08114916869929403,binary:logistic,,,,,,0.6908903651136693,,,,1.0,,,,,1.9635379174843013,0.5834332053713998,,,logloss,
25,XGBClassifier,0.9310046236877612,0.9997358802628882,,,,,,,,,49.0,,,0.05427741604837106,binary:logistic,,,,,,0.721076814574724,,,,1.0,,,,,1.8995848351350144,0.531229657696778,,,error,
26,XGBClassifier,0.9309805657555174,1.0,,,,,,,,,60.0,,,0.14168041648875432,binary:logistic,,,,,,1.0,,,,1.0,,,,,2.0,1.0,,,logloss,
27,XGBClassifier,0.9309610062452428,1.0,,,,,,,,,60.0,,,0.11627724167275577,binary:logistic,,,,,,1.0,,,,1.0,,,,,2.0,1.0,,,logloss,
28,XGBClassifier,0.930902593108046,0.9999505306280168,,,,,,,,,20.0,,,0.05,binary:logistic,,,,,,0.4556813847731068,,,,1.0,,,,,1.24051284410568,1.0,,,logloss,
29,XGBClassifier,0.9304553915776802,1.0,,,,,,,,,20.0,,,0.1170874811776247,binary:logistic,,,,,,1.0,,,,1.0,,,,,2.0,1.0,,,error,
30,XGBClassifier,0.9304380215648244,1.0,,,,,,,,,20.0,,,0.12076128213512918,binary:logitraw,,,,,,1.0,,,,1.0,,,,,0.5,1.0,,,error,
31,XGBClassifier,0.930340741531024,0.9994025193286178,,,,,,,,,27.0,,,0.06191546785491297,binary:logistic,,,,,,0.5004165968279964,,,,6.0,,,,,1.9657627338006725,0.989860909736067,,,logloss,
32,XGBClassifier,0.9301390158355068,1.0,,,,,,,,,60.0,,,0.08821375571821878,binary:logistic,,,,,,1.0,,,,1.0,,,,,2.0,1.0,,,logloss,
33,XGBClassifier,0.9301123570457231,0.9999607482826378,,,,,,,,,60.0,,,0.0857805785319397,binary:logitraw,,,,,,0.3,,,,1.0,,,,,2.0,0.7265850921328377,,,error,
34,XGBClassifier,0.9299351669909776,0.9999630837465512,,,,,,,,,27.0,,,0.05192997762859782,binary:logitraw,,,,,,0.8602116430018439,,,,1.0,,,,,2.0,0.8490372823951283,,,error,
35,XGBClassifier,0.9298358699656156,0.9999932590018864,,,,,,,,,20.0,,,0.09042778429777573,binary:logistic,,,,,,0.3,,,,1.0,,,,,0.5,1.0,,,logloss,
36,XGBClassifier,0.9297733166878452,1.0,,,,,,,,,20.0,,,0.2559124040597672,binary:logistic,,,,,,0.40081498977734,,,,1.0,,,,,1.2888480765206902,0.9868945999811553,,,logloss,
37,XGBClassifier,0.9296948796015274,1.0,,,,,,,,,60.0,,,0.29999999999999993,binary:logistic,,,,,,1.0,,,,1.0,,,,,2.0,1.0,,,error,
38,XGBClassifier,0.9296160576944512,1.0,,,,,,,,,33.0,,,0.2740513427501195,binary:logitraw,,,,,,0.5369603249382832,,,,1.0,,,,,1.0140663352652188,0.9839610405968464,,,logloss,
39,XGBClassifier,0.9295150621498792,0.9996934703613706,,,,,,,,,30.0,,,0.050896814570816434,binary:logitraw,,,,,,0.6783770449450365,,,,1.0,,,,,1.266779092911361,0.5263795715566936,,,error,
40,XGBClassifier,0.9291879512355136,1.0,,,,,,,,,33.0,,,0.2513985124090886,binary:logistic,,,,,,0.3161559347206545,,,,1.0,,,,,1.820294536456791,0.9705725632877312,,,error,
42,XGBClassifier,0.9286423815574784,0.9999247874462444,,,,,,,,,60.0,,,0.05,binary:logistic,,,,,,0.305286221976692,,,,1.0,,,,,0.5763067381727738,1.0,,,error,
46,XGBClassifier,0.9282768549156738,0.9999995222914724,,,,,,,,,35.0,,,0.17611933190752532,binary:logistic,,,,,,0.9731547260432952,,,,1.0,,,,,1.6148110383568677,0.5721341477977899,,,logloss,
49,XGBClassifier,0.928159736708291,1.0,,,,,,,,,40.0,,,0.2917620858009064,binary:logistic,,,,,,0.6310856330414553,,,,2.0,,,,,1.9637124131319204,0.9867901492069786,,,error,
50,XGBClassifier,0.9280069761368668,0.9996001579622864,,,,,,,,,60.0,,,0.11206877376279216,binary:logitraw,,,,,,0.5379248292657879,,,,10.0,,,,,1.964553847061136,1.0,,,logloss,
53,XGBClassifier,0.9279050782539648,1.0,,,,,,,,,52.0,,,0.2944320621434595,binary:logistic,,,,,,0.963701311071092,,,,1.0,,,,,0.8426734473986651,0.930159019652885,,,error,
55,XGBClassifier,0.9275488138497258,0.9999420380319682,,,,,,,,,48.0,,,0.09291181764776255,binary:logitraw,,,,,,0.4517533903900386,,,,1.0,,,,,0.5156666356009317,0.5808933492444958,,,logloss,
56,XGBClassifier,0.927536287270554,0.9999187099321972,,,,,,,,,60.0,,,0.051052285259090634,binary:logitraw,,,,,,0.8039431105956937,,,,1.0,,,,,0.7269711151084042,0.6743056680974484,,,logloss,
57,XGBClassifier,0.927502781325206,0.9992808628902216,,,,,,,,,53.0,,,0.09016719323452023,binary:logistic,,,,,,0.9963190704354976,,,,10.0,,,,,1.6525060185988654,0.9998296901865068,,,logloss,
58,XGBClassifier,0.9274818948467988,0.9999251589973216,,,,,,,,,60.0,,,0.05,binary:logitraw,,,,,,0.3,,,,1.0,,,,,0.5,1.0,,,logloss,
60,XGBClassifier,0.9272357157188398,0.998947953125116,,,,,,,,,59.0,,,0.061428530234639386,binary:logistic,,,,,,0.315137218666146,,,,8.0,,,,,1.8696183860948847,0.963118034485032,,,logloss,
61,XGBClassifier,0.9267241562340433,0.9979181993148598,,,,,,,,,25.0,,,0.050736304914904266,binary:logitraw,,,,,,0.3481577157728555,,,,9.0,,,,,1.846383274580756,0.9758378176037228,,,logloss,
63,XGBClassifier,0.9265442591643074,0.9996888525122692,,,,,,,,,34.0,,,0.054942639266581696,binary:logistic,,,,,,0.7176506958297398,,,,1.0,,,,,0.7357261307029883,0.5228424174252766,,,logloss,
64,XGBClassifier,0.9262818910251308,0.9974689807929324,,,,,,,,,60.0,,,0.05,binary:logistic,,,,,,1.0,,,,10.0,,,,,2.0,1.0,,,logloss,
66,XGBClassifier,0.9256874623804534,0.9995712035176332,,,,,,,,,54.0,,,0.05064351843350751,binary:logistic,,,,,,0.3958327754501395,,,,1.0,,,,,0.8570293383741027,0.4974741554607887,,,error,
67,XGBClassifier,0.925496100306052,0.999978343880076,,,,,,,,,60.0,,,0.05,binary:logistic,,,,,,1.0,,,,1.0,,,,,0.5,1.0,,,logloss,
68,XGBClassifier,0.9250904859569616,0.9995123392112713,,,,,,,,,57.0,,,0.07626454453194426,binary:logitraw,,,,,,0.88709113013138,,,,1.0,,,,,1.33047439377081,0.3429784292546914,,,logloss,
69,XGBClassifier,0.9247438553413652,0.9998326427791172,,,,,,,,,28.0,,,0.12195558351564133,binary:logistic,,,,,,0.8346021142671544,,,,1.0,,,,,1.6199774458981857,0.3486152975495044,,,error,
71,XGBClassifier,0.9230810979228172,0.9999202757545936,,,,,,,,,54.0,,,0.22348117728637393,binary:logitraw,,,,,,0.43307303825547,,,,4.0,,,,,1.1683539300848027,0.6801053759819217,,,logloss,
72,XGBClassifier,0.9225384475746738,0.9999426484373092,,,,,,,,,26.0,,,0.29431993353038,binary:logitraw,,,,,,0.7283363455486442,,,,6.0,,,,,1.1114029232050924,0.9955627549837548,,,error,
74,XGBClassifier,0.9221000173036644,0.9895886611103856,,,,,,,,,28.0,,,0.05012177822019997,binary:logistic,,,,,,0.5792177815144564,,,,10.0,,,,,1.9140605666635304,0.5540602935895383,,,error,
75,XGBClassifier,0.9219527371106278,0.9999095538520824,,,,,,,,,57.0,,,0.298546450331627,binary:logistic,,,,,,0.8211316337653467,,,,10.0,,,,,1.5921883006955535,0.954313607074554,,,logloss,
76,XGBClassifier,0.9219203060094672,0.9890234523039882,,,,,,,,,42.0,,,0.05256341308812413,binary:logitraw,,,,,,0.7056447524176274,,,,10.0,,,,,0.9776270748196476,0.6875537668780076,,,error,
77,XGBClassifier,0.9218707039406706,0.9998585451970654,,,,,,,,,45.0,,,0.27357272004687233,binary:logistic,,,,,,0.3749561784032849,,,,10.0,,,,,1.9580485625209896,0.9269693511854664,,,logloss,
78,XGBClassifier,0.921171829634277,0.9950938007233568,,,,,,,,,33.0,,,0.05303720058260599,binary:logistic,,,,,,0.4427340660981625,,,,2.0,,,,,1.585891275937479,0.3008593230726117,,,logloss,
79,XGBClassifier,0.9210686976710116,0.9999097927063462,,,,,,,,,40.0,,,0.2879883917395745,binary:logistic,,,,,,0.3031366314198989,,,,9.0,,,,,1.784198290011501,0.9832899499750332,,,error,
81,XGBClassifier,0.920562512407152,0.9955709519244752,,,,,,,,,45.0,,,0.08058748912393449,binary:logistic,,,,,,0.5679058865709348,,,,5.0,,,,,1.895197764650847,0.3486925070563107,,,logloss,
83,XGBClassifier,0.919911302796081,0.9914184440077832,,,,,,,,,45.0,,,0.05000305078585239,binary:logistic,,,,,,0.9602345603395128,,,,3.0,,,,,1.4856259878713547,0.3001776704457983,,,error,
84,XGBClassifier,0.9198633859768132,0.989261722701877,,,,,,,,,49.0,,,0.06584352695141871,binary:logistic,,,,,,0.6664964301262849,,,,6.0,,,,,1.0057722810383778,0.3967905368038786,,,logloss,
85,XGBClassifier,0.9195146985606112,0.9900004591309738,,,,,,,,,56.0,,,0.05183952373188324,binary:logistic,,,,,,0.3000651103329141,,,,9.0,,,,,1.984494004426936,0.526804129270326,,,error,
88,XGBClassifier,0.9178912326684692,0.9933133279617664,,,,,,,,,33.0,,,0.06293141979746078,binary:logitraw,,,,,,0.3313922794512218,,,,4.0,,,,,1.8504113226967032,0.3248269084667112,,,logloss,
89,XGBClassifier,0.9177567975269562,0.9997570586742844,,,,,,,,,44.0,,,0.12675921852900746,binary:logistic,,,,,,0.3023353136354549,,,,1.0,,,,,1.649697685552875,0.3064031019514856,,,error,
90,XGBClassifier,0.9176737558612182,0.9993649661304654,,,,,,,,,51.0,,,0.21518621206684208,binary:logitraw,,,,,,0.3137181864820648,,,,10.0,,,,,0.5038150664381503,0.946543254427853,,,error,
91,XGBClassifier,0.9169408979009488,0.9996901529410392,,,,,,,,,51.0,,,0.13142464228687514,binary:logistic,,,,,,0.8369587524491023,,,,1.0,,,,,0.7463990460971739,0.3019081290509017,,,error,
92,XGBClassifier,0.9163175944297064,0.9999497344471372,,,,,,,,,57.0,,,0.28985371222334416,binary:logitraw,,,,,,0.3637075057136415,,,,2.0,,,,,0.7074886811610557,0.5677491429856629,,,error,
94,XGBClassifier,0.9156682691133836,0.9993805712757048,,,,,,,,,42.0,,,0.23317002505809323,binary:logistic,,,,,,0.4343470907699389,,,,7.0,,,,,0.5768848834415042,0.6223636469213607,,,logloss,
102,XGBClassifier,0.9115669556272472,0.9684858338190035,,,,,,,,,26.0,,,0.07942910148993122,binary:logistic,,,,,,0.9857186974354768,,,,9.0,,,,,0.6012014231626822,0.3027890871883052,,,logloss,
107,XGBClassifier,0.908911785281694,0.9999839702249582,,,,,,,,,56.0,,,0.2774820144248134,binary:logistic,,,,,,0.9301834062600308,,,,1.0,,,,,0.6415561830632099,0.3174480204327514,,,logloss,
108,XGBClassifier,0.905456653573269,0.9661352875758276,0.8400355476560765,0.8782402607021182,0.7339246119733925,0.7339246119733925,"SMOTED activites, clicks, activities*clicks, assessments, modules",,8.0,111.0,60.0,100.0,0,0.05,binary:logistic,False,0.5,gbtree,1.0,1.0,0.5306706190835525,-1.0,gain,0.0,10.0,(),1.0,0.0,1.0,0.5,0.8244105075475573,exact,1.0,logloss,111.0
111,XGBClassifier,0.8966287362475831,0.9646105686997128,,,,,,,,,60.0,,,0.05,binary:logistic,,,,,,0.5306706190835525,,,,10.0,,,,,0.5,0.8244105075475573,,,logloss,
112,XGBClassifier,0.8965746788187714,0.974765502131832,,,,,,,,,60.0,,,0.05,binary:logistic,,,,,,0.409027023425613,,,,8.0,,,,,0.5,0.8636333524814603,,,error,
113,XGBClassifier,0.895660307188533,0.9636535680748302,,,,,,,,,60.0,,,0.05,binary:logistic,,,,,,0.5352647243980614,,,,10.0,,,,,0.5,0.8136108857561193,,,logloss,
114,XGBClassifier,0.8953276790267967,0.9648072020483076,,,,,,,,,60.0,,,0.05,binary:logistic,,,,,,1.0,,,,10.0,,,,,0.5,0.8165756708262785,,,logloss,
115,XGBClassifier,0.8953220551920166,0.9720735129429026,,,,,,,,,20.0,,,0.05,binary:logistic,,,,,,0.4206590273925048,,,,10.0,,,,,0.5,1.0,,,error,
116,XGBClassifier,0.8951315270658312,0.973294489827334,,,,,,,,,20.0,,,0.05,binary:logistic,,,,,,0.476971608529895,,,,10.0,,,,,0.5,1.0,,,logloss,
117,XGBClassifier,0.8950018204373925,0.9705046158079176,,,,,,,,,49.0,,,0.05,binary:logistic,,,,,,0.3,,,,10.0,,,,,0.5,1.0,,,logloss,
118,XGBClassifier,0.8950018204373925,0.9705046158079176,,,,,,,,,60.0,,,0.05,binary:logistic,,,,,,0.3,,,,10.0,,,,,0.5,1.0,,,error,
119,XGBClassifier,0.8950018204373925,0.9705046158079176,,,,,,,,,60.0,,,0.05,binary:logistic,,,,,,0.3,,,,10.0,,,,,0.5,1.0,,,logloss,
120,XGBClassifier,0.8949441585270441,0.9908462818883712,,,,,,,,,25.0,,,0.29199513745732303,binary:logistic,,,,,,0.5101962961463276,,,,9.0,,,,,1.3232373944710014,0.3030111229526988,,,logloss,
121,XGBClassifier,0.8948481872382905,0.988830806932436,,,,,,,,,59.0,,,0.06757977842224361,binary:logistic,,,,,,0.4774786066436401,,,,9.0,,,,,0.5664490775716668,0.982107186481533,,,logloss,
122,XGBClassifier,0.8940856883426983,0.9807360348921128,,,,,,,,,42.0,,,0.05256341308812413,binary:logistic,,,,,,0.7056447524176274,,,,10.0,,,,,0.9776270748196476,0.6875537668780076,,,error,
123,XGBClassifier,0.8935820544423909,0.9747275540143924,,,,,,,,,60.0,,,0.05,binary:logistic,,,,,,1.0,,,,10.0,,,,,0.5,1.0,,,error,
124,XGBClassifier,0.8935394440456397,0.9630700220552796,,,,,,,,,21.0,,,0.05204440016972982,binary:logistic,,,,,,0.5036031349382037,,,,9.0,,,,,0.621697032691896,0.6084792355924535,,,logloss,
125,XGBClassifier,0.8934295438308191,0.9785921027349344,,,,,,,,,38.0,,,0.28692930206058376,binary:logistic,,,,,,0.7136609592647974,,,,9.0,,,,,0.504960149796446,0.3051191950736673,,,logloss,
126,XGBClassifier,0.8933908103734489,0.9379060621890454,,,,,,,,,20.0,,,0.05,binary:logistic,,,,,,1.0,,,,10.0,,,,,0.5,0.4499586908418407,,,error,
127,XGBClassifier,0.8933481240681764,0.9458033523249478,,,,,,,,,20.0,,,0.05,binary:logistic,,,,,,0.3,,,,10.0,,,,,0.5,0.5809258390687078,,,logloss,
128,XGBClassifier,0.892671221352085,0.991565233222611,,,,,,,,,30.0,,,0.2968343756702478,binary:logitraw,,,,,,0.3813032706414826,,,,10.0,,,,,1.6604866143980954,0.3049263200812621,,,logloss,
129,XGBClassifier,0.8923321055869888,0.9940245425315294,,,,,,,,,60.0,,,0.05,binary:logistic,,,,,,0.3,,,,10.0,,,,,2.0,0.819848967811866,,,logloss,
131,XGBClassifier,0.8916848578174768,0.9344047202698786,,,,,,,,,60.0,,,0.05,binary:logistic,,,,,,0.3,,,,10.0,,,,,0.5,0.4544935925780246,,,error,
132,XGBClassifier,0.8915415769410593,0.9965991336763158,0.8413685847589425,0.9720782106354614,0.76184122748499,0.76184122748499,"SMOTED activites, clicks, activities*clicks, assessments, modules",,8.0,111.0,6.0,100.0,0,0.300000012,binary:logistic,False,0.5,gbtree,1.0,1.0,1.0,-1.0,gain,0.0,1.0,(),1.0,0.0,1.0,1.0,1.0,exact,1.0,logloss,
135,XGBClassifier,0.8909321861128368,0.92217909184316,,,,,,,,,60.0,,,0.05,binary:logistic,,,,,,1.0,,,,10.0,,,,,0.5,0.3,,,logloss,
136,XGBClassifier,0.8909291243604691,0.999442564914164,,,,,,,,,51.0,,,0.05,binary:logistic,,,,,,0.4713328943405154,,,,5.0,,,,,1.938056872825108,1.0,,,error,
137,XGBClassifier,0.8908735119281949,0.9630875666531986,,,,,,,,,20.0,,,0.05702020701894747,binary:logistic,,,,,,0.7071444679101274,,,,10.0,,,,,1.7112295342635375,0.3327848683598657,,,logloss,
138,XGBClassifier,0.8905441900643016,0.9987869619220546,,,,,,,,,21.0,,,0.0856478065026347,binary:logistic,,,,,,0.9996554741686036,,,,9.0,,,,,1.2679875664790317,0.9918609336755392,,,logloss,
140,XGBClassifier,0.8898232358784,0.9988784234815048,,,,,,,,,33.0,,,0.0884688724965974,binary:logistic,,,,,,0.3236566397661519,,,,10.0,,,,,1.8584618736477911,0.9308677290862636,,,logloss,
141,XGBClassifier,0.8896068249258136,0.957002289461936,,,,,,,,,33.0,,,0.05014361033153264,binary:logistic,,,,,,0.4203534488113277,,,,10.0,,,,,1.5423946017258534,0.3377971936073342,,,error,
142,XGBClassifier,0.88934195902168,0.9999978015276516,,,,,,,,,40.0,,,0.08070300663501224,binary:logistic,,,,,,0.3119944057254377,,,,1.0,,,,,0.7505554949120177,0.9178177646683782,,,logloss,
144,XGBClassifier,0.8889921050212595,0.9997670182130032,,,,,,,,,60.0,,,0.05,binary:logistic,,,,,,1.0,,,,1.0,,,,,0.5,0.6923516520900563,,,logloss,
145,XGBClassifier,0.8887258745748841,0.9885240032501575,,,,,,,,,21.0,,,0.05287692310702895,binary:logistic,,,,,,0.8992606477184573,,,,2.0,,,,,0.8671666051573222,0.3183774295611831,,,logloss,
146,XGBClassifier,0.8884395344471168,0.9999307482091752,,,,,,,,,58.0,,,0.12005674283903768,binary:logistic,,,,,,0.5471006990726284,,,,3.0,,,,,0.5518116988476744,0.951467410225305,,,logloss,
147,XGBClassifier,0.8873757213394912,0.995851779146646,,,,,,,,,59.0,,,0.05163374435540643,binary:logistic,,,,,,0.933228858603112,,,,3.0,,,,,1.9984198794330803,0.4119507616304065,,,logloss,
148,XGBClassifier,0.8871921944312838,0.999601905661333,,,,,,,,,34.0,,,0.13334102221321545,binary:logistic,,,,,,0.4435570317460943,,,,7.0,,,,,0.7606911017983471,0.887488841451059,,,error,
149,XGBClassifier,0.8863309415228648,0.9899863875844308,,,,,,,,,25.0,,,0.1050125920010386,binary:logistic,,,,,,0.9251930159269388,,,,10.0,,,,,1.1668248467930489,0.5110435907521668,,,error,
151,XGBClassifier,0.8852573428812407,1.0,,,,,,,,,46.0,,,0.29999999999999993,binary:logistic,,,,,,1.0,,,,1.0,,,,,0.5,1.0,,,error,
152,XGBClassifier,0.8846783997974126,1.0,,,,,,,,,55.0,,,0.28090435539639635,binary:logistic,,,,,,0.3722632751455308,,,,2.0,,,,,0.6087347630112816,0.9951659930553508,,,logloss,
153,XGBClassifier,0.8845234527377823,0.999813897251504,,,,,,,,,57.0,,,0.20182784247999294,binary:logistic,,,,,,0.4607843146172299,,,,10.0,,,,,1.7142878031741164,0.9716553200872216,,,error,
154,XGBClassifier,0.8826658091025654,0.999986426822892,,,,,,,,,37.0,,,0.11629025827870534,binary:logistic,,,,,,0.9856115879518929,,,,1.0,,,,,1.1591356953106204,0.5486995203915338,,,error,
155,XGBClassifier,0.8825950475112594,0.9999910627319748,,,,,,,,,20.0,,,0.05,binary:logistic,,,,,,1.0,,,,1.0,,,,,2.0,1.0,,,logloss,
156,XGBClassifier,0.8824803092007408,0.9954195193535702,,,,,,,,,54.0,,,0.050724515012943026,binary:logistic,,,,,,0.3057948873266324,,,,1.0,,,,,0.6466635970894963,0.3617661027713019,,,error,
157,XGBClassifier,0.882180177499051,0.9894660105928516,,,,,,,,,33.0,,,0.06293141979746078,binary:logistic,,,,,,0.3313922794512218,,,,4.0,,,,,1.8504113226967032,0.3248269084667112,,,logloss,
159,XGBClassifier,0.8813769426516033,0.9998380080880642,,,,,,,,,44.0,,,0.29378295993698544,binary:logistic,,,,,,0.746636571966248,,,,10.0,,,,,0.6232105134935711,0.9615600973068572,,,logloss,
160,XGBClassifier,0.8812599174614777,1.0,,,,,,,,,22.0,,,0.2706360956500273,binary:logistic,,,,,,0.4535800931216052,,,,1.0,,,,,1.9704462379387373,0.8343050020093093,,,logloss,
161,XGBClassifier,0.8806528277343105,0.9999125868894162,,,,,,,,,54.0,,,0.22348117728637393,binary:logistic,,,,,,0.43307303825547,,,,4.0,,,,,1.1683539300848027,0.6801053759819217,,,logloss,
164,XGBClassifier,0.8795782832877919,0.9561024402114452,,,,,,,,,49.0,,,0.15192492707514377,binary:logistic,,,,,,0.3406743798205503,,,,10.0,,,,,0.6943176874579471,0.3297668234222566,,,error,
172,XGBClassifier,0.8778755716416594,0.9977678588945584,,,,,,,,,24.0,,,0.1046969932564704,binary:logistic,,,,,,0.658519895551086,,,,1.0,,,,,0.5100844272404343,0.3043128850672882,,,error,
188,XGBClassifier,0.8722069933556561,0.9999559827601534,,,,,,,,,57.0,,,0.28985371222334416,binary:logistic,,,,,,0.3637075057136415,,,,2.0,,,,,0.7074886811610557,0.5677491429856629,,,error,
194,XGBClassifier,0.8693276636987539,0.9978776185601426,0.8182626083092646,0.9794104577099688,0.7225237449118046,0.7225237449118046,"SMOTED activites, clicks, activities*clicks, assessments, modules",normalized,8.0,111.0,6.0,100.0,0,0.300000012,binary:logistic,False,0.5,gbtree,1.0,1.0,1.0,-1.0,gain,0.0,1.0,(),1.0,0.0,1.0,1.0,1.0,exact,1.0,logloss,
197,XGBClassifier,0.8684623194271125,0.9998059641275514,,,,,,,,,59.0,,,0.24862517465183923,binary:logistic,,,,,,0.4415298937824075,,,,4.0,,,,,1.675148468700464,0.4724151601446173,,,logloss,
203,XGBClassifier,0.8643110222119318,0.9478686570669308,,,,,,,,,20.0,,,0.29999999999999993,binary:logistic,,,,,,1.0,,,,10.0,,,,,0.5,0.3,,,logloss,
239,XGBClassifier,0.8243740956712178,0.9997120479152268,,,,,,,,,60.0,,,0.0574532400993164,binary:hinge,,,,,,0.6515472130131442,,,,7.0,,,,,1.950073165998157,0.8164237932208208,,,logloss,
240,XGBClassifier,0.8233395515060026,1.0,,,,,,,,,29.0,,,0.061014274076368946,binary:hinge,,,,,,0.9981385121486523,,,,1.0,,,,,1.6648143710972243,0.915464912398534,,,logloss,
243,XGBClassifier,0.8124502386950276,0.999827228749136,,,,,,,,,54.0,,,0.05101944854055706,binary:hinge,,,,,,0.3111345511561921,,,,5.0,,,,,1.8264514855249283,0.9855690838677812,,,error,
247,XGBClassifier,0.7894706007556287,0.9999424095830454,,,,,,,,,21.0,,,0.29803924546595295,binary:hinge,,,,,,0.6607522075473179,,,,9.0,,,,,1.221060885544739,0.980752270557169,,,error,
249,XGBClassifier,0.7888841870874695,0.9868522151811572,,,,,,,,,49.0,,,0.06584352695141871,binary:hinge,,,,,,0.6664964301262849,,,,6.0,,,,,1.0057722810383778,0.3967905368038786,,,logloss,
250,XGBClassifier,0.7874417887254247,0.9992512582311832,,,,,,,,,37.0,,,0.056177372789484335,binary:hinge,,,,,,0.3008424860973281,,,,10.0,,,,,1.3310876711163029,0.9355828003626188,,,logloss,
251,XGBClassifier,0.7860722088286904,0.983469666039276,,,,,,,,,32.0,,,0.2460620770824518,binary:hinge,,,,,,0.9869264192692112,,,,10.0,,,,,1.8394643383780864,0.3067421666768199,,,logloss,
252,XGBClassifier,0.7848368679373205,0.9999424095830454,,,,,,,,,21.0,,,0.05486011274821516,binary:hinge,,,,,,0.8787255241937381,,,,3.0,,,,,1.4597063830225934,0.9764547383324448,,,logloss,
256,XGBClassifier,0.7783780011355791,0.9872096650606256,,,,,,,,,45.0,,,0.08058748912393449,binary:hinge,,,,,,0.5679058865709348,,,,5.0,,,,,1.895197764650847,0.3486925070563107,,,logloss,
257,XGBClassifier,0.77748951164388,0.9869256616528504,,,,,,,,,31.0,,,0.29364730591135024,binary:hinge,,,,,,0.9381725948856044,,,,6.0,,,,,1.2312611755445284,0.3,,,error,
259,XGBClassifier,0.7649339671175672,0.9996773800422244,,,,,,,,,42.0,,,0.23317002505809323,binary:hinge,,,,,,0.4343470907699389,,,,7.0,,,,,0.5768848834415042,0.6223636469213607,,,logloss,
